,Name,Street Number,Route,City,State,Country,Zip Code,Latitude,Longitude,Description,Phone Number,Sunday Hours,Monday Hours,Tuesday Hours,Wednesday Hours,Thursday Hours,Friday Hours,Saturday Hours,Photo URL,Rating,URL,Website,TAMU Affiliation,Resource Type
0,Brazos Interfaith Immigration Network,2500,South College Avenue,Bryan,Texas,United States,77801,30.6444544,-96.36290389999999,"Workforce (WIOA and TANF), Childcare, Housing, GED classes, Indigent Health Care",(979) 393-8228,Error: Not Found,Error: Not Found,Error: Not Found,Error: Not Found,Error: Not Found,Error: Not Found,Error: Not Found,AUacShgGUMjS-sKi7WtZoXCgIjwOEQDK31vji55RaG-doXmcXbOrL7pfSgGqXkqf2qMAjaPyY65wCQHr9kqLerGG-erIw4ApEbMtnyFI3Fo1MAkIOT7VbA6WMnaMmI50RIA5rwnd8EQFip99RwVqTXn4Yoo-eXF6GJ7HG4INYqHraxog4knZ,5,https://maps.google.com/?cid=8838382452676018117,https://brazosimmigration.com/,No,Community Resource
0,Twin City Mission Bridge,410,South Randolph Avenue,Bryan,Texas,United States,77803,30.6690231,-96.3805778,"Workforce (WIOA and TANF), Childcare, Housing, GED classes, Indigent Health Care",(979) 822-1492,Sunday: Closed,Monday: 8:00 AM – 5:00 PM,Tuesday: 8:00 AM – 5:00 PM,Wednesday: 8:00 AM – 5:00 PM,Thursday: 8:00 AM – 5:00 PM,Friday: 8:00 AM – 5:00 PM,Saturday: Closed,AUacShg5tAktQKS_vtg4LHDBAmAgxVPqZDKkrqi7l6Ov0mwj4a-dOIvRNnRvTHx4QFQq6d1w_4fJ_Hsg9z9kb3j-s4HMn10MJICCMHHGrhXmf6ZzhhfRjpKC1h92nBovCPEfXWZ3Uab_zIGveIMil-ebgTi_Hoy-WTESTPTOd4Ww3m8hkoG5,4.1,https://maps.google.com/?cid=2145362696860666391,http://twincitymission.org/,No,Community Resource
0,The Elizabeth House Maternity Home,2911,Texas Avenue South,College Station,Texas,United States,77845,30.5984685,-96.296838,"Workforce (WIOA and TANF), Childcare, Housing, GED classes, Indigent Health Care",(979) 676-9416,Sunday: Open 24 hours,Monday: Open 24 hours,Tuesday: Open 24 hours,Wednesday: Open 24 hours,Thursday: Open 24 hours,Friday: Open 24 hours,Saturday: Open 24 hours,AUacShhk5snyjiajnPxe_FqIPdc7TOSQ-bCb6GIZwxpA_U309AwHiUqrW2cApd9MfKAkjspubv-zHbKEmacZpU8YFEuZU9XtEVdRngai69RibhFhPptpkVM3XS2noLYBJmNhqrhgxJR7Ds7xgFW6qagCm_vRST4yUtSkrZGSmxywpxPSzZ3L,5,https://maps.google.com/?cid=11475331361794472719,http://www.elizhouse.com/,No,Community Resource
0,Big Brothers Big Sisters,315,Tauber Street,College Station,Texas,United States,77840,30.6200488,-96.3464578,"Substance Abuse Counseling, Prevention Services. BVCASA is the only non-profit organization in the Brazos Valley with comprehensive youth and adult programs, including state-approved MIP and DWI classes, drug education, substance abuse and tobacco prevention for youth and adults, screening services, outpatient treatment for youth and adults, and residential and outpatient aftercare treatment for adults in the Texas Department of Criminal Justice Substance Abuse Treatment Program",(979) 224-3660,Error: Not Found,Error: Not Found,Error: Not Found,Error: Not Found,Error: Not Found,Error: Not Found,Error: Not Found,Error: No Photo,3,https://maps.google.com/?cid=11746918291455438641,http://www.bbbsbrazos.com/,No,Community Resource
0,Brazos County Probation Office,321,East 26th Street,Bryan,Texas,United States,77803,30.6731634,-96.3706964,"Regional food collection and distribution warehouses that have a goal of collecting and safely storing surplus food, organizing and sorting it with the help of volunteers, then distributing it to areas of high need through partner agencies and special programs to ensure that hungry neighbors are fed.",(979) 361-4410,Sunday: Closed,Monday: 7:00 AM – 5:00 PM,Tuesday: 7:00 AM – 5:00 PM,Wednesday: 7:00 AM – 5:00 PM,Thursday: 7:00 AM – 5:00 PM,Friday: 7:00 AM – 5:00 PM,Saturday: Closed,Error: No Photo,4,https://maps.google.com/?cid=2411293979060497676,http://www.brazoscountytx.gov/index.aspx?NID=287,No,Community Resource
0,Brazos County Health Department,201,North Texas Avenue,Bryan,Texas,United States,77803,30.6745998,-96.3691221,"Substance Abuse Counseling, Prevention Services. BVCASA is the only non-profit organization in the Brazos Valley with comprehensive youth and adult programs, including state-approved MIP and DWI classes, drug education, substance abuse and tobacco prevention for youth and adults, screening services, outpatient treatment for youth and adults, and residential and outpatient aftercare treatment for adults in the Texas Department of Criminal Justice Substance Abuse Treatment Program",(979) 361-4440,Sunday: Closed,Monday: 8:00 AM – 5:00 PM,Tuesday: 8:00 AM – 5:00 PM,Wednesday: 8:00 AM – 5:00 PM,Thursday: 8:00 AM – 5:00 PM,Friday: 8:00 AM – 5:00 PM,Saturday: Closed,AUacShjFXpyyyrf2HPOoU_IuMUbFOn7C_z3E-nmuh5AgKWdcg2aI2szpwT6cTvwCxGSALnNULNnqzHevCrmqB0IsnGuSDBHP6WjLXGAF5MUnbeYxM6N8hVBh5xZhKpnOPGy3Xi0o1ixTge5S0PrGlen3iiTkwqXfVTMKrunpEGPzTSH6oCUT,4.4,https://maps.google.com/?cid=4298873280041421323,http://www.brazoscountytx.gov/index.aspx?NID=161&MOBILE=OFF,No,Community Resource
0,Brazos Valley Affordable Housing Corp.,4001,East 29th Street,Bryan,Texas,United States,77802,30.6461334,-96.33149709999999,"Substance Abuse Counseling, Prevention Services. BVCASA is the only non-profit organization in the Brazos Valley with comprehensive youth and adult programs, including state-approved MIP and DWI classes, drug education, substance abuse and tobacco prevention for youth and adults, screening services, outpatient treatment for youth and adults, and residential and outpatient aftercare treatment for adults in the Texas Department of Criminal Justice Substance Abuse Treatment Program",(979) 595-2809,Sunday: Closed,"Monday: 8:00 AM – 12:00 PM, 1:00 – 5:00 PM","Tuesday: 8:00 AM – 12:00 PM, 1:00 – 5:00 PM","Wednesday: 8:00 AM – 12:00 PM, 1:00 – 5:00 PM","Thursday: 8:00 AM – 12:00 PM, 1:00 – 5:00 PM","Friday: 8:00 AM – 12:00 PM, 1:00 – 5:00 PM",Saturday: Closed,AUacShih8w5Hw5PcsEAJNt11t8tI-kHORAlJmirbs3BdbUwjd7zK0NC8uh9DJjzOcosTLTJaz95-SkJ8VlJv1SV0SkOkREQ1cE88icQ_RI21WUC8Zm6MAItbjRPX-SIZ6OsKFRuJV8xDhTZAGoEsRCKWdXcTysOcZY6AatRVN3xw_Z6_0PGt,Error: Not Found,https://maps.google.com/?cid=498362278283668225,https://bvahc.org/,No,Community Resource
0,Center for Regional Services,3991,East 29th Street,Bryan,Texas,United States,77802,30.6453936,-96.33226309999999,"Substance Abuse Counseling, Prevention Services. BVCASA is the only non-profit organization in the Brazos Valley with comprehensive youth and adult programs, including state-approved MIP and DWI classes, drug education, substance abuse and tobacco prevention for youth and adults, screening services, outpatient treatment for youth and adults, and residential and outpatient aftercare treatment for adults in the Texas Department of Criminal Justice Substance Abuse Treatment Program",(979) 595-2800,Sunday: Closed,Monday: 8:00 AM – 5:00 PM,Tuesday: 8:00 AM – 5:00 PM,Wednesday: 8:00 AM – 5:00 PM,Thursday: 8:00 AM – 5:00 PM,Friday: 8:00 AM – 5:00 PM,Saturday: Closed,Error: No Photo,Error: Not Found,https://maps.google.com/?cid=588097649993113265,http://www.bvcog.org/,No,Community Resource
0,Brazos Valley Council on Alcohol and Substance Abuse,4001,East 29th Street,Bryan,Texas,United States,77802,30.6464822,-96.3319113,"Workforce (WIOA and TANF), Childcare, Housing, GED classes, Indigent Health Care",(979) 846-3560,Sunday: Closed,"Monday: 8:00 AM – 12:00 PM, 1:00 – 5:00 PM","Tuesday: 8:00 AM – 12:00 PM, 1:00 – 5:00 PM","Wednesday: 8:00 AM – 12:00 PM, 1:00 – 5:00 PM","Thursday: 8:00 AM – 12:00 PM, 1:00 – 5:00 PM","Friday: 8:00 AM – 12:00 PM, 1:00 – 5:00 PM",Saturday: Closed,AUacShie2MlnyisQgYe0XoWlDVDQCV8UmBvhEoy2N4h9xjLPwd4EjVqJbiMMKJQkz0etnCr8-4RWk-UoXms-CKlVVCRTIj12lkDcMIHGrjWcxaxDCLAf2yUc8T6vtGUzYfXYfSPF28zCoCgrZ7npHX5J6KSX7seRgOQN55XY8hjErLtN8TmO,4,https://maps.google.com/?cid=5232201569578486203,http://www.bvcasa.org/,No,Community Resource
0,Brazos Valley Food Bank,1501,Independence Avenue,Bryan,Texas,United States,77803,30.65998279999999,-96.4076106,"Substance Abuse Counseling, Prevention Services. BVCASA is the only non-profit organization in the Brazos Valley with comprehensive youth and adult programs, including state-approved MIP and DWI classes, drug education, substance abuse and tobacco prevention for youth and adults, screening services, outpatient treatment for youth and adults, and residential and outpatient aftercare treatment for adults in the Texas Department of Criminal Justice Substance Abuse Treatment Program",(979) 779-3663,Sunday: Closed,Monday: 8:30 AM – 4:30 PM,Tuesday: 8:30 AM – 4:30 PM,Wednesday: 8:30 AM – 4:30 PM,Thursday: 8:30 AM – 4:30 PM,Friday: 8:30 AM – 4:30 PM,Saturday: Closed,AUacShg-c3IWW8GZVY7Tnj2EFD_G44hpkgSb8EuTT7P2_Kagp5PqylvS17yy1Y9m7pgy7jl2WFfwJBOr6yT5R4qaGenP1P2jmH8QJYtCgKjLUE7yxqs0JD4JO5GZBt5Sg9p6ifDxoY7_VOLATbgCC_8V3nvK-0hrD9-9nO5XAAevHoeVnUNH,4.5,https://maps.google.com/?cid=10460053944986406616,https://www.bvfb.org/,No,Community Resource
0,Housing Authority/City Bryan,1306,Beck Street,Bryan,Texas,United States,77803,30.6651587,-96.3807033,"Workforce (WIOA and TANF), Childcare, Housing, GED classes, Indigent Health Care",(979) 822-2013,Sunday: Closed,Monday: 8:00 AM – 4:00 PM,Tuesday: 8:00 AM – 4:00 PM,Wednesday: 8:00 AM – 4:00 PM,Thursday: 8:00 AM – 4:00 PM,Friday: 8:00 AM – 4:00 PM,Saturday: Closed,Error: No Photo,3.3,https://maps.google.com/?cid=6089719558158253824,http://www.bryanhousingauthority.com/,No,Community Resource
0,Bryan Community Development,1803,Greenfield Plaza,Bryan,Texas,United States,77802,30.65146969999999,-96.33445499999999,"Housing Assistance, Small Dollar Loan Program, Financial Fitness Center. The Brazos Valley Affordable Housing Corporation and the Brazos Valley CDC Inc. have been providing first time homebuyer seminars, credit counseling, down payment assistance, home loans, apartments, and newly constructed homes for eligible families in the Brazos Valley since 1995",(979) 209-5175,Error: Not Found,Error: Not Found,Error: Not Found,Error: Not Found,Error: Not Found,Error: Not Found,Error: Not Found,Error: No Photo,3,https://maps.google.com/?cid=8514310717566494249,https://www.bryantx.gov/community-development/,No,Community Resource
0,College Station Community Development,511,University Drive East,College Station,Texas,United States,77840,30.6321445,-96.3311233,"Workforce (WIOA and TANF), Childcare, Housing, GED classes, Indigent Health Care",(979) 764-3778,Sunday: Closed,Monday: 8:00 AM – 5:00 PM,Tuesday: 8:00 AM – 5:00 PM,Wednesday: 8:00 AM – 5:00 PM,Thursday: 8:00 AM – 5:00 PM,Friday: 8:00 AM – 5:00 PM,Saturday: Closed,Error: No Photo,Error: Not Found,https://maps.google.com/?cid=8560417440756215675,https://www.cstx.gov/departments___city_hall/commserv/development,No,Community Resource
0,Family Promise of Bryan-College Station,1401,West Martin Luther King Junior Street,Bryan,Texas,United States,77802,30.68511119999999,-96.386135,"Substance Abuse Counseling, Prevention Services. BVCASA is the only non-profit organization in the Brazos Valley with comprehensive youth and adult programs, including state-approved MIP and DWI classes, drug education, substance abuse and tobacco prevention for youth and adults, screening services, outpatient treatment for youth and adults, and residential and outpatient aftercare treatment for adults in the Texas Department of Criminal Justice Substance Abuse Treatment Program",(979) 268-4309,Error: Not Found,Error: Not Found,Error: Not Found,Error: Not Found,Error: Not Found,Error: Not Found,Error: Not Found,Error: No Photo,4.8,https://maps.google.com/?cid=10153993638665176731,http://www.familypromisebcs.org/about-us/,No,Community Resource
0,Bryan College Station Habitat For Humanity Restore,2211,Maloney Avenue,Bryan,Texas,United States,77801,30.6494664,-96.3612546,"Workforce (WIOA and TANF), Childcare, Housing, GED classes, Indigent Health Care",(979) 775-8122,Sunday: Closed,Monday: Closed,Tuesday: 10:00 AM – 6:00 PM,Wednesday: 10:00 AM – 6:00 PM,Thursday: 10:00 AM – 6:00 PM,Friday: 10:00 AM – 6:00 PM,Saturday: 10:00 AM – 6:00 PM,AUacShisQHbJjadV5ZE3d6xwCVycSgP22MZ5z2KMq5cZpeiz5h8dHs3jWP-Fuj4-sPish8iwHZRqWnNO3AD4mmcoxJ6Ma0YR20FvEGBs6hs0wtZ2Hx-2BdYKjs38X-Sj2UEEC1JYygApynmPlmN2gs5m_4ZNw0mv2DtStvraeBC5g2i6csrr,4.5,https://maps.google.com/?cid=18219944730877011504,https://habitatbcs.org/restore/,No,Community Resource
0,Health For All,3030 East,West 29th Street,Bryan,Texas,United States,77802,30.6551055,-96.3419723,"Substance Abuse Counseling, Prevention Services. BVCASA is the only non-profit organization in the Brazos Valley with comprehensive youth and adult programs, including state-approved MIP and DWI classes, drug education, substance abuse and tobacco prevention for youth and adults, screening services, outpatient treatment for youth and adults, and residential and outpatient aftercare treatment for adults in the Texas Department of Criminal Justice Substance Abuse Treatment Program",(979) 774-4176,Sunday: Closed,Monday: 8:20 AM – 5:00 PM,Tuesday: 8:20 AM – 5:00 PM,Wednesday: 8:20 AM – 6:00 PM,Thursday: 8:20 AM – 5:00 PM,Friday: 8:20 AM – 12:00 PM,Saturday: Closed,Error: No Photo,3,https://maps.google.com/?cid=11028570945545156069,http://www.hlth4all.org/,No,Community Resource
0,La Hacienda Treatment Center - Community Outreach Center,3000,Weslayan Street,Houston,Texas,United States,77027,29.7377826,-95.4422197,"Substance Abuse Counseling, Prevention Services. BVCASA is the only non-profit organization in the Brazos Valley with comprehensive youth and adult programs, including state-approved MIP and DWI classes, drug education, substance abuse and tobacco prevention for youth and adults, screening services, outpatient treatment for youth and adults, and residential and outpatient aftercare treatment for adults in the Texas Department of Criminal Justice Substance Abuse Treatment Program",(713) 977-5202,Sunday: 8:00 AM – 5:00 PM,Monday: 7:00 AM – 6:00 PM,Tuesday: 7:00 AM – 6:00 PM,Wednesday: 7:00 AM – 6:00 PM,Thursday: 7:00 AM – 6:00 PM,Friday: 7:00 AM – 6:00 PM,Saturday: 8:00 AM – 5:00 PM,Error: No Photo,1,https://maps.google.com/?cid=5129400830632330791,https://www.lahacienda.com/,No,Community Resource
0,Lone Star Legal Aid,1714,East 29th Street,Bryan,Texas,United States,77802,30.66100700000001,-96.356482,"Substance Abuse Counseling, Prevention Services. BVCASA is the only non-profit organization in the Brazos Valley with comprehensive youth and adult programs, including state-approved MIP and DWI classes, drug education, substance abuse and tobacco prevention for youth and adults, screening services, outpatient treatment for youth and adults, and residential and outpatient aftercare treatment for adults in the Texas Department of Criminal Justice Substance Abuse Treatment Program",(979) 775-5050,Sunday: Closed,Monday: 8:00 AM – 5:00 PM,Tuesday: 8:00 AM – 5:00 PM,Wednesday: 8:00 AM – 5:00 PM,Thursday: 8:00 AM – 5:00 PM,Friday: 8:00 AM – 5:00 PM,Saturday: Closed,Error: No Photo,3,https://maps.google.com/?cid=1119730631337238228,https://www.lonestarlegal.org/,No,Community Resource
0,MHMR Authority of Brazos Valley,804,Texas Avenue,Bryan,Texas,United States,77803,30.6659725,-96.3716559,"Substance Abuse Counseling, Prevention Services. BVCASA is the only non-profit organization in the Brazos Valley with comprehensive youth and adult programs, including state-approved MIP and DWI classes, drug education, substance abuse and tobacco prevention for youth and adults, screening services, outpatient treatment for youth and adults, and residential and outpatient aftercare treatment for adults in the Texas Department of Criminal Justice Substance Abuse Treatment Program",Error: Not Found,Sunday: Closed,Monday: 8:00 AM – 5:00 PM,Tuesday: 8:00 AM – 5:00 PM,Wednesday: 8:00 AM – 5:00 PM,Thursday: 8:00 AM – 5:00 PM,Friday: 8:00 AM – 5:00 PM,Saturday: Closed,AUacShizyqJJPW0iEfH_ncLhDKPVzfLz9ZilV5BR7ead3oF_fAuTNy01pgEqWGpqyNXxwYNhosjbO5R7yFRk8pu3AAvO43fBPIJpMw99gnb2VLrOOS1SigLdTd0Qnx8lhT4M2GzNOEL-DBEIZt440_-ldkYk3ggJwYg7GRJttngo3xiDFm5d,3.9,https://maps.google.com/?cid=1012039181584221051,http://www.mhmrabv.org/,No,Community Resource
0,Project Unity,4001,East 29th Street,Bryan,Texas,United States,77802,30.6463613,-96.3317296,"Substance Abuse Counseling, Prevention Services. BVCASA is the only non-profit organization in the Brazos Valley with comprehensive youth and adult programs, including state-approved MIP and DWI classes, drug education, substance abuse and tobacco prevention for youth and adults, screening services, outpatient treatment for youth and adults, and residential and outpatient aftercare treatment for adults in the Texas Department of Criminal Justice Substance Abuse Treatment Program",(979) 595-2900,Sunday: Closed,Monday: 8:00 AM – 5:00 PM,Tuesday: 8:00 AM – 5:00 PM,Wednesday: 8:00 AM – 5:00 PM,Thursday: 8:00 AM – 5:00 PM,Friday: 8:00 AM – 5:00 PM,Saturday: Closed,AUacShj07YXEyM4rpSkNzX34ohvv6Ves_o-A1eJlx7a4skDd_9laRUO_eYUKYHF2rEwpRGzobw2WdVrCfGXyauZ8-RwD1qBi3VG3_b7tvHyZ_LyPn7e7qEAAAciQsw1fH7aLZnR6Ee3wsOWWzcyyr-4r9a6W1tY7xAdpxQG6h5IJ2BLEbOvv,4.6,https://maps.google.com/?cid=8223069819644094739,https://www.projectunitytexas.org/,No,Community Resource
0,CHI St. Joseph Health,2700,East 29th Street,Bryan,Texas,United States,77802,30.65614020000001,-96.34589179999999,"Workforce (WIOA and TANF), Childcare, Housing, GED classes, Indigent Health Care",(979) 776-3777,Error: Not Found,Error: Not Found,Error: Not Found,Error: Not Found,Error: Not Found,Error: Not Found,Error: Not Found,Error: No Photo,5,https://maps.google.com/?cid=14688523600470173744,http://www.st-joseph.org/,No,Community Resource
0,Scotty's House,2424,Kent Street,Bryan,Texas,United States,77802,30.6515807,-96.3498628,"Housing Assistance, Small Dollar Loan Program, Financial Fitness Center. The Brazos Valley Affordable Housing Corporation and the Brazos Valley CDC Inc. have been providing first time homebuyer seminars, credit counseling, down payment assistance, home loans, apartments, and newly constructed homes for eligible families in the Brazos Valley since 1995",(979) 703-8813,Sunday: Closed,Monday: 9:00 AM – 5:00 PM,Tuesday: 9:00 AM – 5:00 PM,Wednesday: 9:00 AM – 5:00 PM,Thursday: 9:00 AM – 5:00 PM,Friday: 9:00 AM – 5:00 PM,Saturday: Closed,AUacShjGuD_IaoEbLK6xdCTPJZ1vnvmFrAO2cXtdufgs6vGNkwcpkcQw1uKlJujvEISbOQkGtOJTmd1EDeo6LeCkaQHI0iYYTtUcA9VPElhz34VrxtCf8l6siWtMMoMg2Hyl0jt45R_jats7Hj8otRW4DllgoxiLYlMwCqg93ZjusK68EGdf,4.6,https://maps.google.com/?cid=15561885274391925012,http://www.scottyshouse.org/,No,Community Resource
0,United Way of the Brazos Valley,1716,Briarcrest Drive,Bryan,Texas,United States,77802,30.652732,-96.338155,"Workforce (WIOA and TANF), Childcare, Housing, GED classes, Indigent Health Care",(979) 696-4483,Sunday: Closed,Monday: 8:30 AM – 5:00 PM,Tuesday: 8:30 AM – 5:00 PM,Wednesday: 8:30 AM – 5:00 PM,Thursday: 8:30 AM – 5:00 PM,Friday: 8:30 AM – 5:00 PM,Saturday: Closed,Error: No Photo,4.4,https://maps.google.com/?cid=16517760030134311123,http://www.uwbv.org/,No,Community Resource
0,Sexual Assault Resource Center,404,Jane Street,College Station,Texas,United States,77840,30.6296486,-96.3350588,"Workforce (WIOA and TANF), Childcare, Housing, GED classes, Indigent Health Care",(979) 731-1000,Sunday: Open 24 hours,Monday: Open 24 hours,Tuesday: Open 24 hours,Wednesday: Open 24 hours,Thursday: Open 24 hours,Friday: Open 24 hours,Saturday: Open 24 hours,Error: No Photo,5,https://maps.google.com/?cid=16148079284971625845,https://www.sarcbv.org/,No,Community Resource
0,Texas A&M University,400,Bizzell Street,College Station,Texas,United States,77843,30.6186806,-96.33646549999999,"Workforce (WIOA and TANF), Childcare, Housing, GED classes, Indigent Health Care",(979) 845-3211,Error: Not Found,Error: Not Found,Error: Not Found,Error: Not Found,Error: Not Found,Error: Not Found,Error: Not Found,AUacShihJDXqKmjQnUMiv5JrbkPI1glLLo-tdwsp2E_uxvL63BMKcTjaVj_Qg60JW5xnE72wkHdtCNpKw_X3pt-j3SovfZo68sZSE0i9yP0phwImPDt3rMfGS5qITG6asSjLaZrlxpS9x1ZSy8EaBEeMAtipFFdkE-kMZwZnreqcZiIYfeDl,4.4,https://maps.google.com/?cid=10900884440704105416,http://www.tamu.edu/,No,Community Resource
0,Counseling & Assessment Clinic,425,Ross Street,College Station,Texas,United States,77840,30.61689,-96.3429228,"Housing Assistance, Small Dollar Loan Program, Financial Fitness Center. The Brazos Valley Affordable Housing Corporation and the Brazos Valley CDC Inc. have been providing first time homebuyer seminars, credit counseling, down payment assistance, home loans, apartments, and newly constructed homes for eligible families in the Brazos Valley since 1995",(979) 595-1770,Sunday: Closed,Monday: 9:00 AM – 9:00 PM,Tuesday: 9:00 AM – 9:00 PM,Wednesday: 9:00 AM – 9:00 PM,Thursday: 9:00 AM – 9:00 PM,Friday: 9:00 AM – 12:00 PM,Saturday: Closed,Error: No Photo,5,https://maps.google.com/?cid=15047272003824373108,https://cac.tamu.edu/,No,Community Resource
0,Meals On Wheels,203,West 30th Street,Bryan,Texas,United States,77803,30.66973320000001,-96.37502429999999,"Substance Abuse Counseling, Prevention Services. BVCASA is the only non-profit organization in the Brazos Valley with comprehensive youth and adult programs, including state-approved MIP and DWI classes, drug education, substance abuse and tobacco prevention for youth and adults, screening services, outpatient treatment for youth and adults, and residential and outpatient aftercare treatment for adults in the Texas Department of Criminal Justice Substance Abuse Treatment Program",(979) 823-2203,Sunday: Closed,Monday: 7:00 AM – 3:00 PM,Tuesday: 7:00 AM – 3:00 PM,Wednesday: 7:00 AM – 3:00 PM,Thursday: 7:00 AM – 3:00 PM,Friday: 7:00 AM – 3:00 PM,Saturday: Closed,Error: No Photo,4.4,https://maps.google.com/?cid=1511991798318267590,https://www.capbv.org/programs/meals-on-wheels/,No,Community Resource
0,HealthPoint - BCS,3370,South Texas Avenue,Bryan,Texas,United States,77802,30.638862,-96.35025399999999,"Workforce (WIOA and TANF), Childcare, Housing, GED classes, Indigent Health Care",(979) 595-1700,Sunday: Closed,"Monday: 8:00 AM – 12:00 PM, 1:00 – 6:00 PM","Tuesday: 8:00 AM – 12:00 PM, 1:00 – 6:00 PM","Wednesday: 8:00 AM – 12:00 PM, 1:00 – 6:00 PM","Thursday: 8:00 AM – 12:00 PM, 1:00 – 6:00 PM",Friday: 8:00 AM – 12:00 PM,Saturday: Closed,AUacShj1pUDN23A1_WUA_AOB_EQtNV7Fge8fWE96L8sXlBvTcyEbRmnQbotYZKtaZkHiDnVW4NhTR--a-OMi4C5Bmq_x2Qt-MQb0HlOG4cgLnMwcduZWWArE6QQ4NA4slITVECuLw6yFQIZK1Cseylan-9X4ISTvuVz7cPNQSaesKTTeu6Rc,3.5,https://maps.google.com/?cid=13328853269145163060,https://www.healthpoint-tx.com/healthpoint-locations/bryan-college-station/,No,Community Resource
0,Daybreak Community Services,2553,Texas Avenue,College Station,Texas,United States,77840,30.60567300000001,-96.3060917,"Substance Abuse Counseling, Prevention Services. BVCASA is the only non-profit organization in the Brazos Valley with comprehensive youth and adult programs, including state-approved MIP and DWI classes, drug education, substance abuse and tobacco prevention for youth and adults, screening services, outpatient treatment for youth and adults, and residential and outpatient aftercare treatment for adults in the Texas Department of Criminal Justice Substance Abuse Treatment Program",(979) 695-7062,Sunday: Closed,Monday: 8:00 AM – 5:00 PM,Tuesday: 8:00 AM – 5:00 PM,Wednesday: 8:00 AM – 5:00 PM,Thursday: 8:00 AM – 5:00 PM,Friday: 8:00 AM – 5:00 PM,Saturday: Closed,Error: No Photo,3,https://maps.google.com/?cid=3882489291963331813,Error: Not Found,No,Community Resource
0,University Emergency Medical Services,462,Grider Street,Buffalo,New York,United States,14215,42.9254225,-78.8313324,"Substance Abuse Counseling, Prevention Services. BVCASA is the only non-profit organization in the Brazos Valley with comprehensive youth and adult programs, including state-approved MIP and DWI classes, drug education, substance abuse and tobacco prevention for youth and adults, screening services, outpatient treatment for youth and adults, and residential and outpatient aftercare treatment for adults in the Texas Department of Criminal Justice Substance Abuse Treatment Program",(716) 898-4166,Error: Not Found,Error: Not Found,Error: Not Found,Error: Not Found,Error: Not Found,Error: Not Found,Error: Not Found,Error: No Photo,1,https://maps.google.com/?cid=4254149412247745440,Error: Not Found,No,Community Resource
0,CAP Auctions,1009,North Earl Rudder Freeway,Bryan,Texas,United States,77802,30.6779298,-96.3436325,"Substance Abuse Counseling, Prevention Services. BVCASA is the only non-profit organization in the Brazos Valley with comprehensive youth and adult programs, including state-approved MIP and DWI classes, drug education, substance abuse and tobacco prevention for youth and adults, screening services, outpatient treatment for youth and adults, and residential and outpatient aftercare treatment for adults in the Texas Department of Criminal Justice Substance Abuse Treatment Program",(888) 300-0005,Error: Not Found,Error: Not Found,Error: Not Found,Error: Not Found,Error: Not Found,Error: Not Found,Error: Not Found,Error: No Photo,Error: Not Found,https://maps.google.com/?cid=907324455903576905,Error: Not Found,No,Community Resource
0,University Health Services,311,Houston Street,College Station,Texas,United States,77843,30.615635,-96.342902,"Workforce (WIOA and TANF), Childcare, Housing, GED classes, Indigent Health Care",(979) 458-4584,Sunday: Closed,Monday: 8:00 AM – 5:00 PM,Tuesday: 8:00 AM – 5:00 PM,Wednesday: 8:00 AM – 5:00 PM,Thursday: 8:00 AM – 5:00 PM,Friday: 8:00 AM – 5:00 PM,Saturday: Closed,AUacShj9T20F2qi_a-B9v3lZiZ7KpxkPt_3N6ACKzk5wKAfHZK2HQZgHxzBEIFpDr1cGzZzLD_G9s4zqL4lCj7Wu43gwGaFDWpfGpacLgTuq5ialvPwAfaiiqaVKNB-QTb_BrAoYbXXG4dlZPDJMrUdLuPk1Nvz2vhIdc6iDfaGUtkfaBP8W,3.2,https://maps.google.com/?cid=4866302962456734213,http://uhs.tamu.edu/,No,Community Resource
0,The Prenatal Clinic,3370,Texas Avenue,Bryan,Texas,United States,77802,30.639128,-96.35011229999999,"Substance Abuse Counseling, Prevention Services. BVCASA is the only non-profit organization in the Brazos Valley with comprehensive youth and adult programs, including state-approved MIP and DWI classes, drug education, substance abuse and tobacco prevention for youth and adults, screening services, outpatient treatment for youth and adults, and residential and outpatient aftercare treatment for adults in the Texas Department of Criminal Justice Substance Abuse Treatment Program",(979) 595-1780,Sunday: Closed,Monday: 8:00 AM – 5:00 PM,Tuesday: 8:00 AM – 5:00 PM,Wednesday: 8:00 AM – 5:00 PM,Thursday: 8:00 AM – 5:00 PM,Friday: 8:00 AM – 12:00 PM,Saturday: Closed,AUacShj8dVsSGnlFG-ZX_FJdN60FrgO2_NGJRQB14TgwIWmaSjBg2J1TBtUMxK7ZK6mPS95kZsgZ7cGO4rkFQZy2SKphfAMVjVJNpEa461aGpmsxC8K_LtMdhUUWYoz4BN0OwghMhucO7LT1KoaR1GAhcsXBIfXDfQ6kM3YGre7jjwN8r--a,3.2,https://maps.google.com/?cid=17399581370673089340,https://www.bcsprenatal.org/,No,Community Resource
0,Brazos Valley Barbell,303,Dominik Drive,College Station,Texas,United States,77840,30.61987409999999,-96.32078349999999,"Workforce (WIOA and TANF), Childcare, Housing, GED classes, Indigent Health Care",(979) 300-6780,Sunday: Open 24 hours,Monday: Open 24 hours,Tuesday: Open 24 hours,Wednesday: Open 24 hours,Thursday: Open 24 hours,Friday: Open 24 hours,Saturday: Open 24 hours,AUacShj9NrgeJwL78P-YWGaxjt3MEE0TnHtXCQp8WgBx9aqFvEHsbDwFiP9Q-2BOUxn5ca61HI0kg9QtVXTHmwo7_dr_lF-cka-AC95n5r14lITWb1OLE7jqi7gA217KWMDl3R6dc_RXIdrn9V-Hnk2rF-zlCL8owd5bcyv3cJzX2a-eB25-,5,https://maps.google.com/?cid=10610533375964155018,https://brazosvalleybarbell.com/,No,Community Resource
0,Brazos Valley Women's Center PA,1602,Rock Prairie Road,College Station,Texas,United States,77845,30.5815696,-96.2911728,"Substance Abuse Counseling, Prevention Services. BVCASA is the only non-profit organization in the Brazos Valley with comprehensive youth and adult programs, including state-approved MIP and DWI classes, drug education, substance abuse and tobacco prevention for youth and adults, screening services, outpatient treatment for youth and adults, and residential and outpatient aftercare treatment for adults in the Texas Department of Criminal Justice Substance Abuse Treatment Program",(979) 776-5602,Sunday: Closed,Monday: 8:00 AM – 5:00 PM,Tuesday: 8:00 AM – 5:00 PM,Wednesday: 8:00 AM – 5:00 PM,Thursday: 8:00 AM – 5:00 PM,Friday: 8:00 AM – 12:00 PM,Saturday: Closed,AUacShjMM9Te45ceA4I8jOnWFxY5gkZlfUy_mhK9Z6LeKJWQ1cr-Qj3XFsaGg7bFdY5RIIYs6SIjX_HjG_iRQo1-bnS7mIsRlSQ8Y-IV_meJO-6eN16kdK8FcR5LgNiFdTPZ4AU7HjkmyNoZfSdizaJQ-iOfLpdsHRdE-8hAz4_D3STtdVhf,3.7,https://maps.google.com/?cid=14099775415429661359,http://www.bvwc.com/,No,Community Resource
0,Texas A&M Health Women's Care Plus,1602,Rock Prairie Road,College Station,Texas,United States,77845,30.5816469,-96.2910253,"Substance Abuse Counseling, Prevention Services. BVCASA is the only non-profit organization in the Brazos Valley with comprehensive youth and adult programs, including state-approved MIP and DWI classes, drug education, substance abuse and tobacco prevention for youth and adults, screening services, outpatient treatment for youth and adults, and residential and outpatient aftercare treatment for adults in the Texas Department of Criminal Justice Substance Abuse Treatment Program",(979) 693-0737,Sunday: Closed,Monday: 8:00 AM – 5:00 PM,Tuesday: 8:00 AM – 5:00 PM,Wednesday: 8:00 AM – 5:00 PM,Thursday: 8:00 AM – 5:00 PM,Friday: 8:00 AM – 5:00 PM,Saturday: Closed,AUacShgb3hXvprqQYKtKOPPSPos64mPSD9SG9GCl14Pm9I6YDuFg8ZeklBZXHCB1k6AvKMonVi0uDKAshsjapw8vbFpNZB1TM6qVdfH_BSFnGz2R-hUHA7mzT7pYbH0vMJtE1hG5veuahARD8gvnuuthqfxKng2WW0B-J9afu4PgJ-W9_Er_,Error: Not Found,https://maps.google.com/?cid=6024010178976461920,https://health.tamu.edu/care/specialties/womens-care-plus/index.html,No,Community Resource
0,Brazos Church Pantry,304,West 26th Street,Bryan,Texas,United States,77803,30.6741156,-96.3756739,"Regional food collection and distribution warehouses that have a goal of collecting and safely storing surplus food, organizing and sorting it with the help of volunteers, then distributing it to areas of high need through partner agencies and special programs to ensure that hungry neighbors are fed.",(979) 822-2660,Sunday: Closed,Monday: 1:00 – 2:30 PM,Tuesday: 9:30 – 11:00 AM,Wednesday: 1:00 – 2:30 PM,Thursday: 9:30 – 11:00 AM,Friday: 9:30 – 11:00 AM,Saturday: 10:00 – 11:30 AM,AUacShhb_MDvHAqxSiilSW0OuLyPh1KnsvbhNm9vfpXSm2zzXGYXNOdiuZ3YaCODdKM__KOk5vxDVuh982QOOFbcmRkvVjaNTxmhhpnRRg2n2NC9Uig0Wc6Lo8KT8OCV9L9cBJy1As2dMCokO7bHBm8_DsODMvF_7AAXwtqFnEWKJ4z1eQUq,4.8,https://maps.google.com/?cid=16843580663342880452,http://brazoschurchpantry.org/,No,Community Resource
0,"Pride Community Center, Inc",2130,Harvey Mitchell Parkway South #9706,College Station,Texas,United States,77845,30.596346021911383,-96.30435604963766,"Services for LGBTQ+ Provides a safe place for persons of all sexual orientations, gender identities, and gender expressions, their families and friends, to meet and socialize without having to worry about who they are. NO PHYSICAL LOCATION YET",979-217-1324,Open 24 Hours,Open 24 Hours,Open 24 Hours,Open 24 Hours,Open 24 Hours,Open 24 Hours,Open 24 Hours,Error: No Photos,5.0,"https://www.google.com/maps/place/Pride+Community+Center,+Inc/@30.5909728,-96.3740621,12z/data=!4m6!3m5!1s0x864685f697fdcec3:0xbd2408c72058c27f!8m2!3d30.590851!4d-96.291661!16s%2Fg%2F11jmzjz53d?authuser=0&entry=ttu",http://www.pridecc.org/,No,Community Resource
